"id","first_name","last_name","email","total amount","receive date"
1,"Myrtia","Strathman","mstrathman0@sogou.com","$8,890.65","2/27/2023"
2,"Margaretha","Tolman","mtolman1@scientificamerican.com","$5,273.97","7/22/2023"
3,"Amberly","Riccioppo","ariccioppo2@barnesandnoble.com","$9,204.59","6/16/2023"
4,"Yovonnda","Copland","ycopland3@geocities.com","$9,029.46",10/03/23
5,"Jocelin","Kiffin","jkiffin4@cpanel.net","$1,284.21",12/01/23
6,"Darryl","Dockerty","ddockerty5@constantcontact.com","$4,548.12","6/20/2023"
7,"Stormy","Richter","srichter6@soundcloud.com","$2,095.28",06/07/23
8,"Kennie","Pichmann","kpichmann7@psu.edu","$9,075.12","8/14/2023"
9,"Lissa","Danielczyk","ldanielczyk8@alexa.com","$5,283.90",06/02/23
10,"Gerianne","Cotillard","gcotillard9@google.pl","$3,260.37",09/08/23
11,"Brnaby","Winney","bwinneya@weibo.com","$5,423.97",06/03/23
12,"Benji","Tryhorn","btryhornb@reverbnation.com",$798.12,06/09/23
13,"Griff","Willicott","gwillicottc@chron.com","$7,267.93",10/12/23
14,"Alice","Astupenas","aastupenasd@unc.edu","$6,723.85",07/05/23
15,"Kalle","Fawthorpe","kfawthorpee@storify.com",$453.52,08/09/23
16,"Liam","MacFaul","lmacfaulf@t-online.de","$8,883.65",06/03/23
17,"Mose","Dionsetto","mdionsettog@fc2.com","$2,757.20","8/20/2023"
18,"Esme","Farrent","efarrenth@ftc.gov","$8,143.02",01/01/23
19,"Ilaire","Hawarden","ihawardeni@opera.com","$7,795.10","5/19/2023"
20,"Chaddie","Rikard","crikardj@technorati.com","$2,187.22","2/21/2023"
21,"Adore","Lages","alagesk@hexun.com","$5,533.52","3/18/2023"
22,"Joan","Rubanenko","jrubanenkol@weebly.com","$4,341.57",06/09/23
23,"Eddy","Loader","eloaderm@tinyurl.com","$2,466.20",06/05/23
24,"Germaine","Blaasch","gblaaschn@squarespace.com","$9,428.62","6/26/2023"
25,"Page","Blagburn","pblagburno@hexun.com","$2,348.33",12/12/23
26,"Marchall","Hampstead","mhampsteadp@about.me","$5,024.32","6/25/2023"
27,"Jania","Crumb","jcrumbq@hp.com","$5,326.93",02/05/23
28,"Aleen","Welland","awellandr@soup.io","$7,169.48",10/07/23
29,"Matthieu","Jacquot","mjacquots@marriott.com","$4,871.82","8/15/2023"
30,"Hersch","Collcott","hcollcottt@cbslocal.com","$6,578.38","6/18/2023"
31,"Ralph","Hanaford","rhanafordu@gnu.org","$5,772.06","8/16/2023"
32,"Glen","Findlay","gfindlayv@surveymonkey.com","$9,963.14","5/24/2023"
33,"Henrie","Godsmark","hgodsmarkw@ibm.com","$2,424.95",06/12/23
34,"Torre","Garvan","tgarvanx@i2i.jp","$4,986.38","6/14/2023"
35,"Leelah","Scotcher","lscotchery@purevolume.com","$3,422.98","5/28/2023"
36,"Hobard","Dodman","hdodmanz@ted.com","$4,529.56","12/16/2022"
37,"Faunie","Plank","fplank10@youku.com","$6,405.05",11/06/23
38,"Roderick","Batterbee","rbatterbee11@shutterfly.com","$3,493.71","12/25/2022"
39,"Codie","Corsham","ccorsham12@howstuffworks.com","$1,458.40",05/01/23
40,"Lindsay","Persey","lpersey13@princeton.edu",$960.13,"1/26/2023"
41,"Joachim","Logue","jlogue14@pen.io","$7,801.11","6/21/2023"
42,"Scarlett","Claringbold","sclaringbold15@barnesandnoble.com","$6,176.41","9/23/2023"
43,"Ignacius","Rhead","irhead16@clickbank.net","$5,054.19",02/01/23
44,"Ward","Ioannou","wioannou17@ibm.com","$5,306.51","5/23/2023"
45,"Luce","Kanter","lkanter18@eepurl.com","$6,824.35","7/18/2023"
46,"Euell","Cleeves","ecleeves19@wordpress.org","$4,008.16","5/19/2023"
47,"Cam","Capron","ccapron1a@amazonaws.com","$3,255.21","8/15/2023"
48,"Nanine","Tetford","ntetford1b@tamu.edu","$8,018.75","3/26/2023"
49,"Reggie","Strugnell","rstrugnell1c@ebay.co.uk","$1,913.20","9/15/2023"
50,"Hyacinthie","Kattenhorn","hkattenhorn1d@ibm.com","$4,659.63",04/04/23
51,"Ashli","Dust","adust1e@amazonaws.com",$485.54,07/06/23
52,"Thomasina","Skittrall","tskittrall1f@nationalgeographic.com","$3,277.76",05/11/23
53,"Keelby","Rogan","krogan1g@craigslist.org","$3,148.91","5/29/2023"
54,"Ali","Guihen","aguihen1h@umich.edu","$2,901.31","9/17/2023"
55,"Alissa","Congrave","acongrave1i@wiley.com","$5,862.73",02/04/23
56,"Phelia","Mogey","pmogey1j@army.mil","$2,315.65",04/04/23
57,"Karole","Ettels","kettels1k@nyu.edu","$8,398.46",04/04/23
58,"Christie","Dimic","cdimic1l@gravatar.com","$2,541.42","8/28/2023"
59,"Silvain","Whipp","swhipp1m@sitemeter.com",$777.74,"7/25/2023"
60,"Gerardo","Vamplers","gvamplers1n@digg.com","$3,490.47","12/17/2022"
61,"Michaela","Bracher","mbracher1o@accuweather.com","$7,729.12","11/16/2023"
62,"Kari","Font","kfont1p@bizjournals.com","$9,906.41","7/26/2023"
63,"Kip","Worrill","kworrill1q@salon.com","$5,391.12",12/05/23
64,"Lisette","Murty","lmurty1r@fastcompany.com","$8,216.54","5/16/2023"
65,"Cosme","Kenningham","ckenningham1s@goo.gl",$333.18,"4/28/2023"
66,"Anna","Orrobin","aorrobin1t@whitehouse.gov","$8,373.17","6/27/2023"
67,"Teddie","Molder","tmolder1u@chronoengine.com","$2,291.79","9/15/2023"
68,"Dael","Taberner","dtaberner1v@sciencedirect.com",$766.74,"7/18/2023"
69,"Oliviero","Caddick","ocaddick1w@sakura.ne.jp","$8,826.12","4/18/2023"
70,"Gennifer","Rhodes","grhodes1x@archive.org","$7,046.93","3/22/2023"
71,"Anabal","Brainsby","abrainsby1y@irs.gov","$2,432.57","9/27/2023"
72,"Dosi","Marquot","dmarquot1z@wikia.com","$9,633.41",10/02/23
73,"Tomlin","Messier","tmessier20@pcworld.com","$7,822.51","7/15/2023"
74,"Lauralee","Zarfai","lzarfai21@ucsd.edu",$804.66,"8/14/2023"
75,"Reina","Fullom","rfullom22@walmart.com",$182.10,"9/18/2023"
76,"Alphonse","McOwan","amcowan23@photobucket.com","$5,215.16","7/28/2023"
77,"Clarine","Sutherley","csutherley24@unblog.fr",$625.76,"2/23/2023"
78,"Eb","Crassweller","ecrassweller25@yolasite.com","$9,535.53","8/13/2023"
79,"Vivien","Huett","vhuett26@amazonaws.com","$2,184.51","3/17/2023"
80,"Guendolen","Flucker","gflucker27@cam.ac.uk","$8,592.79",09/03/23
81,"Natal","Feeley","nfeeley28@mysql.com","$1,439.02","7/15/2023"
82,"Arabela","Bernardet","abernardet29@mozilla.org","$6,237.74",10/02/23
83,"Nelle","Bartlosz","nbartlosz2a@xinhuanet.com","$5,880.37","5/26/2023"
84,"Lammond","Duddell","lduddell2b@networksolutions.com","$9,155.83","4/26/2023"
85,"Harrison","Bravington","hbravington2c@shop-pro.jp","$3,373.75",02/09/23
86,"Alisa","Tuxwell","atuxwell2d@netvibes.com","$9,332.44","8/23/2023"
87,"Delilah","Yegorkin","dyegorkin2e@yolasite.com","$2,977.68","11/23/2023"
88,"Rena","Chant","rchant2f@hao123.com","$2,459.57","7/14/2023"
89,"Sal","Rubee","srubee2g@macromedia.com","$2,524.34",04/09/23
90,"Jerome","Barck","jbarck2h@about.me",$7.62,"9/25/2023"
91,"Oswald","Fiske","ofiske2i@de.vu","$5,417.91","8/29/2023"
92,"Kristian","Ketchen","kketchen2j@springer.com","$6,279.18","9/28/2023"
93,"Aggi","Heatlie","aheatlie2k@digg.com","$2,874.39",06/03/23
94,"Aylmar","Dawidowitsch","adawidowitsch2l@shop-pro.jp","$1,206.85","7/25/2023"
95,"Katharyn","Bram","kbram2m@bloglines.com","$2,375.63",12/01/23
96,"Wilton","Coots","wcoots2n@ow.ly","$3,876.65","3/20/2023"
97,"Doy","Piggott","dpiggott2o@nbcnews.com","$8,655.29","11/29/2023"
98,"Winifield","Halloway","whalloway2p@archive.org","$2,228.43","8/31/2023"
99,"Gigi","Shorto","gshorto2q@fc2.com","$9,010.82",11/07/23
100,"Lay","Lowen","llowen2r@businesswire.com","$4,548.17","6/15/2023"
101,"Pammy","Paddell","ppaddell2s@seattletimes.com","$4,209.21",11/03/23
102,"Patin","Dockwray","pdockwray2t@taobao.com","$2,009.63",04/09/23
103,"Donielle","Kener","dkener2u@oakley.com","$8,296.65",07/12/23
104,"Sofia","Dowse","sdowse2v@mozilla.org","$7,130.47","2/25/2023"
105,"Tristam","Hamblyn","thamblyn2w@businesswire.com","$8,532.66",09/08/23
106,"Julia","Whitehorn","jwhitehorn2x@diigo.com",$788.48,05/05/23
107,"Henri","Souter","hsouter2y@china.com.cn","$1,777.89","3/30/2023"
108,"Worthy","Altree","waltree2z@seattletimes.com","$9,121.00","10/17/2023"
109,"Felicdad","Painter","fpainter30@marketwatch.com","$8,987.99","12/16/2022"
110,"Micky","Labeuil","mlabeuil31@twitter.com","$3,333.36",08/02/23
111,"Gwenni","Aleksankov","galeksankov32@digg.com","$1,940.00",06/04/23
112,"Denver","Luesley","dluesley33@icq.com","$9,227.30","4/26/2023"
113,"Douglass","Berr","dberr34@home.pl","$6,020.19","9/28/2023"
114,"Denney","Terrelly","dterrelly35@netscape.com","$3,977.64","2/21/2023"
115,"Farlie","Kurton","fkurton36@deviantart.com","$6,310.38","7/29/2023"
116,"Crissy","Halgarth","chalgarth37@oracle.com","$6,613.57","12/24/2022"
117,"Mariann","Colegrove","mcolegrove38@illinois.edu","$9,324.43",04/07/23
118,"Cherrita","Gibbetts","cgibbetts39@aol.com","$1,303.54",07/11/23
119,"Marline","Mc Caghan","mmccaghan3a@goo.gl","$4,239.54","12/16/2022"
120,"Sinclair","Fleury","sfleury3b@blogs.com","$7,494.32","10/27/2023"
121,"Roanna","Marczyk","rmarczyk3c@tripadvisor.com","$5,444.24","7/14/2023"
122,"Bunnie","Davenhall","bdavenhall3d@ox.ac.uk","$5,836.39","9/29/2023"
123,"Robin","Goodhay","rgoodhay3e@imgur.com","$8,095.02","7/24/2023"
124,"Lyon","Borzoni","lborzoni3f@sfgate.com","$9,661.98",12/11/23
125,"Bryana","Aloway","baloway3g@ted.com","$3,579.47",08/01/23
126,"Zeke","Povah","zpovah3h@qq.com","$8,007.07",10/03/23
127,"Gypsy","Sirl","gsirl3i@storify.com","$9,600.04","3/17/2023"
128,"Tamma","Pettitt","tpettitt3j@wix.com","$7,252.65",06/07/23
129,"Brandy","Godmar","bgodmar3k@cnet.com",$702.22,"4/19/2023"
130,"Aileen","Murphey","amurphey3l@smugmug.com","$4,507.08","8/29/2023"
131,"Danna","Whiting","dwhiting3m@webeden.co.uk","$8,095.82","9/13/2023"
132,"Thibaut","Kerrey","tkerrey3n@woothemes.com",$329.58,"3/26/2023"
133,"Brigitta","Treasure","btreasure3o@edublogs.org","$2,395.90",05/08/23
134,"Rikki","Samwyse","rsamwyse3p@deliciousdays.com","$9,730.02","7/18/2023"
135,"Jess","Ventura","jventura3q@gnu.org","$5,528.21","8/14/2023"
136,"Caroline","Cranson","ccranson3r@forbes.com","$9,861.56",06/05/23
137,"Raeann","Bresson","rbresson3s@photobucket.com","$2,125.81",07/05/23
138,"Blithe","Toone","btoone3t@liveinternet.ru","$2,717.75",11/11/23
139,"Pier","Chatfield","pchatfield3u@dmoz.org","$8,999.68","8/18/2023"
140,"Alisun","Ridhole","aridhole3v@github.io","$2,522.70",04/02/23
141,"Keefe","Bourthoumieux","kbourthoumieux3w@phpbb.com",$423.41,"3/17/2023"
142,"Randolf","Copping","rcopping3x@cdc.gov","$6,999.38",11/04/23
143,"Wolf","Dinjes","wdinjes3y@1und1.de","$8,967.63",12/12/23
144,"Julius","Simmig","jsimmig3z@illinois.edu","$7,552.75","12/13/2022"
145,"Dorian","Maddy","dmaddy40@java.com","$5,585.82","1/31/2023"
146,"Joline","Werendell","jwerendell41@squarespace.com","$3,169.75","7/30/2023"
147,"Nicola","Grichukhin","ngrichukhin42@telegraph.co.uk","$7,190.15",09/11/23
148,"Aurie","Le Brun","alebrun43@i2i.jp","$7,299.70","12/13/2022"
149,"Kimball","Deeny","kdeeny44@opensource.org","$8,336.29",06/04/23
150,"Aguistin","Brendish","abrendish45@webs.com",$868.11,"10/18/2023"
151,"Thurstan","Haker","thaker46@reddit.com","$2,198.36",06/04/23
152,"Josepha","Nilles","jnilles47@cbc.ca","$7,825.46","9/21/2023"
153,"Che","Glandon","cglandon48@woothemes.com","$6,353.94","6/28/2023"
154,"Saw","Gapper","sgapper49@livejournal.com","$3,475.43","2/26/2023"
155,"Peta","Tabard","ptabard4a@de.vu","$5,255.69","4/16/2023"
156,"Karin","Kirley","kkirley4b@smh.com.au","$7,683.87",11/03/23
157,"Harmony","Ambrus","hambrus4c@msn.com",$838.17,"8/26/2023"
158,"Morten","Shortland","mshortland4d@bbc.co.uk","$6,901.36",06/04/23
159,"Gabey","Oliva","goliva4e@goodreads.com","$4,959.35",10/05/23
160,"Clevie","Beyer","cbeyer4f@cornell.edu","$2,852.27",03/01/23
161,"Diahann","Paulisch","dpaulisch4g@npr.org","$7,886.83",03/07/23
162,"Elfrida","Malinowski","emalinowski4h@is.gd","$6,301.91","7/18/2023"
163,"Gilbertina","Friary","gfriary4i@businesswire.com",$956.16,"11/30/2023"
164,"Trueman","Heintzsch","theintzsch4j@about.me",$528.71,"7/19/2023"
165,"Giffie","Stubbings","gstubbings4k@salon.com","$8,086.63",05/10/23
166,"Estevan","Finlaison","efinlaison4l@pagesperso-orange.fr",$874.79,06/11/23
167,"Kendal","Kender","kkender4m@themeforest.net","$1,807.01","8/29/2023"
168,"Raddy","Vaudre","rvaudre4n@scribd.com","$7,764.71",02/09/23
169,"Faydra","Bonifas","fbonifas4o@about.me","$2,025.97",03/10/23
170,"Bab","Berryman","bberryman4p@prnewswire.com","$1,178.95",08/05/23
171,"Gabbie","Danton","gdanton4q@tinyurl.com","$8,770.77",03/02/23
172,"Vonnie","Borthram","vborthram4r@cmu.edu","$4,547.94","12/18/2022"
173,"Iseabal","Brightwell","ibrightwell4s@hexun.com","$4,959.87",02/09/23
174,"Lauri","Sherland","lsherland4t@reference.com","$7,906.70","6/24/2023"
175,"Robin","Nobes","rnobes4u@hostgator.com","$8,959.99",08/02/23
176,"Neils","Bennellick","nbennellick4v@irs.gov","$3,383.10","11/17/2023"
177,"Janek","Lober","jlober4w@networksolutions.com",$889.12,"1/24/2023"
178,"Ban","Hovington","bhovington4x@miitbeian.gov.cn","$9,192.78",05/09/23
179,"Nancey","Buswell","nbuswell4y@amazon.de",$3.84,02/06/23
180,"Jacky","Connew","jconnew4z@google.pl","$2,072.44",03/04/23
181,"Cash","Gravestone","cgravestone50@wikispaces.com","$4,981.09","9/19/2023"
182,"Jocelin","Eames","jeames51@diigo.com","$9,581.65","11/14/2023"
183,"Karie","Mighele","kmighele52@squidoo.com","$1,133.87","1/14/2023"
184,"Dionne","Donovan","ddonovan53@ox.ac.uk","$1,570.01",05/02/23
185,"Cecilla","Kinnoch","ckinnoch54@upenn.edu","$9,249.86","11/14/2023"
186,"Ninetta","Gotch","ngotch55@purevolume.com","$8,730.05","10/14/2023"
187,"Giusto","Bilsborrow","gbilsborrow56@bandcamp.com","$9,061.30","9/26/2023"
188,"Prescott","Stollman","pstollman57@guardian.co.uk","$9,148.30",08/06/23
189,"Ferguson","Twiname","ftwiname58@friendfeed.com","$4,670.33",05/01/23
190,"Harv","Warrick","hwarrick59@blogs.com","$9,231.47","2/13/2023"
191,"Erick","Glasspool","eglasspool5a@businesswire.com","$2,882.45",06/10/23
192,"Yoshiko","McLellan","ymclellan5b@cam.ac.uk","$2,695.84",02/08/23
193,"Britteny","Gaymar","bgaymar5c@blogs.com","$8,754.62","8/21/2023"
194,"Joel","Pawnsford","jpawnsford5d@kickstarter.com","$3,682.83","6/23/2023"
195,"Angie","Trinke","atrinke5e@geocities.jp","$4,211.05",05/07/23
196,"Ezekiel","Roubert","eroubert5f@wikispaces.com","$6,241.43","9/16/2023"
197,"Jard","Masterman","jmasterman5g@macromedia.com","$7,160.67","11/18/2023"
198,"Yancey","Tincey","ytincey5h@unc.edu","$2,868.48",11/02/23
199,"Fredra","Vango","fvango5i@goo.gl","$9,820.98","6/25/2023"
200,"Kasey","Hansmann","khansmann5j@github.com","$6,117.71","1/25/2023"
201,"Sally","Crumbie","scrumbie5k@ocn.ne.jp","$5,860.29",04/01/23
202,"Zerk","Baus","zbaus5l@ted.com","$2,783.35","10/26/2023"
203,"Windy","Rottcher","wrottcher5m@usatoday.com","$6,617.18",08/09/23
204,"Gustave","Wilding","gwilding5n@indiegogo.com","$5,828.66",01/10/23
205,"Jeno","Rabidge","jrabidge5o@netlog.com","$2,382.26","4/16/2023"
206,"Sonny","Ayre","sayre5p@list-manage.com","$5,903.18",01/12/23
207,"Fionnula","Edmott","fedmott5q@delicious.com","$2,835.11","8/29/2023"
208,"Julie","Dunphy","jdunphy5r@amazonaws.com","$7,922.33","8/28/2023"
209,"Tonia","Folan","tfolan5s@spiegel.de","$2,097.81",06/12/23
210,"Netta","Hansel","nhansel5t@va.gov","$2,649.07","5/17/2023"
211,"Raychel","McLanachan","rmclanachan5u@bloomberg.com","$3,812.04","9/18/2023"
212,"Anette","Davidovici","adavidovici5v@spotify.com",$739.24,"8/20/2023"
213,"Welsh","Burrill","wburrill5w@reddit.com","$4,818.17","1/20/2023"
214,"Dion","Aveson","daveson5x@unesco.org","$2,079.87",08/12/23
215,"Wenonah","Dorricott","wdorricott5y@seattletimes.com","$5,835.44","5/23/2023"
216,"Ambrosi","Hearson","ahearson5z@tuttocitta.it","$9,958.72","10/26/2023"
217,"Fan","Keitley","fkeitley60@facebook.com",$674.62,03/10/23
218,"Nanci","Cadwallader","ncadwallader61@g.co","$8,291.27","7/26/2023"
219,"Renaud","Di Angelo","rdiangelo62@bigcartel.com","$2,140.34","2/27/2023"
220,"Wood","Redbourn","wredbourn63@google.es","$2,249.74",12/04/23
221,"Alfonso","Heape","aheape64@ca.gov","$9,000.86","8/16/2023"
222,"Codi","Storrie","cstorrie65@nyu.edu","$2,567.88","8/16/2023"
223,"Taylor","Persich","tpersich66@liveinternet.ru","$3,823.12",07/07/23
224,"Alan","Litton","alitton67@imageshack.us","$2,411.78","11/26/2023"
225,"Cecile","Baskerfield","cbaskerfield68@uol.com.br","$4,230.08",08/03/23
226,"Verine","MacCague","vmaccague69@chron.com","$7,268.66","4/16/2023"
227,"Charisse","Rummins","crummins6a@jalbum.net","$6,934.34","7/19/2023"
228,"Sanderson","Upward","supward6b@comcast.net","$7,831.09","9/16/2023"
229,"Gilbert","Thunnercliff","gthunnercliff6c@prweb.com","$7,883.94","12/13/2022"
230,"Arlena","Biesinger","abiesinger6d@tumblr.com","$2,180.91",05/08/23
231,"Marge","Borrott","mborrott6e@ed.gov","$1,066.37",03/02/23
232,"Celle","Fidelli","cfidelli6f@amazon.de","$6,761.20",07/03/23
233,"Avril","Ruseworth","aruseworth6g@adobe.com","$2,098.87",11/06/23
234,"Cloe","Ribey","cribey6h@marketwatch.com","$7,760.07","7/13/2023"
235,"Antoni","Leonardi","aleonardi6i@cbsnews.com","$8,067.67",05/04/23
236,"Archibold","Douty","adouty6j@issuu.com","$3,296.22",05/11/23
237,"Isa","Vankeev","ivankeev6k@google.com.br","$1,893.19",09/07/23
238,"Tess","Marrow","tmarrow6l@diigo.com","$2,274.24","10/28/2023"
239,"Guinevere","Worton","gworton6m@tinyurl.com","$8,319.72",07/03/23
240,"Gerard","Nell","gnell6n@gizmodo.com","$8,297.70",07/03/23
241,"Mattias","Mitkcov","mmitkcov6o@altervista.org","$5,406.67","8/13/2023"
242,"Rica","Mallock","rmallock6p@trellian.com",$465.64,07/12/23
243,"Ginnie","Hengoed","ghengoed6q@nps.gov","$7,074.89",01/06/23
244,"Querida","Whiteland","qwhiteland6r@jugem.jp","$5,420.36",11/01/23
245,"Payton","Clearley","pclearley6s@wisc.edu","$9,415.89",11/10/23
246,"Alvin","Eilert","aeilert6t@hatena.ne.jp","$6,948.43",07/05/23
247,"Crista","Dabrowski","cdabrowski6u@nature.com","$9,534.87","10/14/2023"
248,"Celinda","Lindborg","clindborg6v@facebook.com","$5,001.02","3/22/2023"
249,"Alan","Marczyk","amarczyk6w@hc360.com","$6,614.36",02/05/23
250,"Kirsti","Sommerly","ksommerly6x@1688.com",$417.43,07/11/23
251,"Timothee","Khomin","tkhomin6y@cbc.ca","$9,813.72",02/02/23
252,"Elane","Uren","euren6z@irs.gov","$8,670.01","8/26/2023"
253,"Ara","Scotts","ascotts70@freewebs.com","$6,779.39","11/26/2023"
254,"Amelie","Piel","apiel71@zdnet.com","$4,876.17","4/27/2023"
255,"Shelagh","Goolding","sgoolding72@usda.gov","$2,505.08","2/24/2023"
256,"Jaine","Cianni","jcianni73@xing.com","$2,093.27","3/30/2023"
257,"Jeffy","Gatecliffe","jgatecliffe74@paginegialle.it","$8,351.98",05/02/23
258,"Clovis","Picot","cpicot75@usa.gov","$4,654.07","8/30/2023"
259,"Lee","Hyatt","lhyatt76@lycos.com","$6,229.70","12/19/2022"
260,"Carolynn","Inold","cinold77@webnode.com",$644.13,"6/27/2023"
261,"Fernandina","Hillan","fhillan78@hao123.com","$5,246.56","3/30/2023"
262,"Danyelle","Gillbard","dgillbard79@cbc.ca",$822.01,06/12/23
263,"Jobina","Pleven","jpleven7a@stanford.edu",$945.42,02/02/23
264,"Renado","Tembey","rtembey7b@examiner.com","$8,036.08","4/26/2023"
265,"Sofie","Fairclough","sfairclough7c@twitpic.com","$4,543.83","10/28/2023"
266,"Harriette","Portail","hportail7d@webs.com","$3,140.35","5/31/2023"
267,"Bartlet","Poynzer","bpoynzer7e@columbia.edu","$8,368.68",08/12/23
268,"Tremain","Collyear","tcollyear7f@tmall.com","$5,293.78",08/02/23
269,"Elli","Morratt","emorratt7g@blog.com","$9,979.43","9/20/2023"
270,"Evita","Forrestor","eforrestor7h@csmonitor.com","$5,307.80",09/11/23
271,"Denni","Klimushev","dklimushev7i@paginegialle.it","$5,332.75","8/22/2023"
272,"Antonius","Oswald","aoswald7j@princeton.edu","$4,735.44",04/06/23
273,"Faythe","Walework","fwalework7k@mit.edu","$5,329.76","9/29/2023"
274,"Hanny","Piotrkowski","hpiotrkowski7l@mit.edu","$2,194.82","8/23/2023"
275,"Marco","Reside","mreside7m@foxnews.com","$7,090.32","4/21/2023"
276,"Saul","Philippe","sphilippe7n@alexa.com","$7,132.15",09/06/23
277,"Hubey","Thompkins","hthompkins7o@opera.com",$531.44,"1/30/2023"
278,"Nerissa","Touzey","ntouzey7p@simplemachines.org","$2,052.66","6/19/2023"
279,"Karie","Ather","kather7q@mapquest.com","$3,987.86","6/28/2023"
280,"Tiphany","Croll","tcroll7r@narod.ru","$7,721.92","6/14/2023"
281,"Wildon","Welling","wwelling7s@prnewswire.com","$6,866.72",07/02/23
282,"Rafaello","Anton","ranton7t@bing.com","$6,328.68",05/08/23
283,"Eva","Magrane","emagrane7u@shop-pro.jp","$2,798.75",02/09/23
284,"Lacey","Freeth","lfreeth7v@wordpress.org","$5,240.44","10/26/2023"
285,"Leland","Kores","lkores7w@google.de",$963.81,"1/28/2023"
286,"Kristine","Oakshott","koakshott7x@bandcamp.com","$8,684.19","3/19/2023"
287,"Maurie","Brasher","mbrasher7y@prnewswire.com","$5,503.98","11/17/2023"
288,"Danice","Russon","drusson7z@xing.com","$8,826.24","3/23/2023"
289,"Avery","Tythe","atythe80@mtv.com","$4,666.77",05/08/23
290,"Anissa","Bortolotti","abortolotti81@xrea.com","$1,730.80","10/25/2023"
291,"Genvieve","Emanulsson","gemanulsson82@yellowbook.com","$6,849.61","4/23/2023"
292,"Forester","O'Collopy","focollopy83@hubpages.com","$9,850.41",09/10/23
293,"Coleman","Steed","csteed84@sogou.com","$7,759.83","12/15/2022"
294,"Frederico","Bottle","fbottle85@forbes.com","$7,288.18","12/18/2022"
295,"Maryl","Hanhard","mhanhard86@cisco.com","$9,920.53","2/15/2023"
296,"Alexandra","Annets","aannets87@yale.edu","$6,726.17",07/04/23
297,"Filbert","Ramme","framme88@reddit.com","$3,418.37","8/29/2023"
298,"Abe","Le Blanc","aleblanc89@webnode.com","$9,075.60",12/11/23
299,"Fonz","Ply","fply8a@washingtonpost.com","$5,685.55","2/14/2023"
300,"Amy","Beisley","abeisley8b@washington.edu","$7,730.30",04/05/23
301,"Sisile","Andreucci","sandreucci8c@i2i.jp","$3,269.76",01/10/23
302,"Lyell","Chevin","lchevin8d@flavors.me","$4,178.23","3/25/2023"
303,"Kitty","Bruins","kbruins8e@washingtonpost.com","$5,625.32","7/28/2023"
304,"Nelie","Lunt","nlunt8f@bloglovin.com","$7,342.17",12/07/23
305,"Tasia","Hospital","thospital8g@meetup.com","$4,062.47","12/30/2022"
306,"Meara","Adlington","madlington8h@cam.ac.uk","$3,147.15","4/23/2023"
307,"Susannah","Seabert","sseabert8i@hao123.com","$5,797.69",12/01/23
308,"Vally","Stoneley","vstoneley8j@sbwire.com","$3,493.00",05/06/23
309,"Thorny","Goves","tgoves8k@newsvine.com","$2,622.84",12/06/23
310,"Claybourne","Barsby","cbarsby8l@zdnet.com","$6,729.23","9/26/2023"
311,"Adelaida","Butters","abutters8m@prlog.org",$776.42,03/10/23
312,"Rosita","Thrower","rthrower8n@biglobe.ne.jp","$4,558.94","10/17/2023"
313,"Tisha","Skipworth","tskipworth8o@wikimedia.org",$218.98,"8/27/2023"
314,"Charlotta","Rameau","crameau8p@goodreads.com","$2,211.61","7/27/2023"
315,"Ira","Gillford","igillford8q@blogspot.com","$7,098.68","1/18/2023"
316,"Elenore","Cornock","ecornock8r@twitter.com","$3,871.08","9/22/2023"
317,"Lonni","Chadband","lchadband8s@google.com","$1,515.97",05/09/23
318,"Bailie","Barde","bbarde8t@oracle.com","$3,014.77","1/16/2023"
319,"Chick","Huckstepp","chuckstepp8u@cmu.edu","$7,348.96","5/24/2023"
320,"Brucie","Robjant","brobjant8v@scribd.com",$158.14,06/02/23
321,"Gerard","Hairesnape","ghairesnape8w@gravatar.com","$3,483.14","9/14/2023"
322,"Liva","Fairchild","lfairchild8x@friendfeed.com","$3,018.27",02/08/23
323,"Libbie","Sinnock","lsinnock8y@cafepress.com","$9,710.66","12/14/2022"
324,"Celine","Ponte","cponte8z@miitbeian.gov.cn","$3,174.01","4/26/2023"
325,"Joyous","O'Carroll","jocarroll90@soundcloud.com","$7,287.19",06/10/23
326,"Addie","Westnage","awestnage91@jalbum.net","$8,609.02","9/18/2023"
327,"Jock","Teresi","jteresi92@exblog.jp","$5,331.71","1/21/2023"
328,"Jocelin","Yewdall","jyewdall93@geocities.jp","$9,795.62","6/30/2023"
329,"Celene","Towl","ctowl94@dedecms.com","$7,849.07",03/02/23
330,"Dylan","Hatliffe","dhatliffe95@pcworld.com","$2,689.89","1/26/2023"
331,"Nancee","Jelks","njelks96@ycombinator.com",$397.51,"12/26/2022"
332,"Fedora","Manville","fmanville97@photobucket.com","$9,862.56",05/08/23
333,"Rolando","Cheale","rcheale98@thetimes.co.uk","$8,767.33",04/01/23
334,"Lezlie","Thompsett","lthompsett99@ucoz.com","$8,143.67","4/14/2023"
335,"Husain","Dansey","hdansey9a@oakley.com","$9,578.57","1/28/2023"
336,"Renata","Grahamslaw","rgrahamslaw9b@creativecommons.org","$2,750.50","1/16/2023"
337,"Jameson","Paprotny","jpaprotny9c@guardian.co.uk","$9,167.28","1/31/2023"
338,"Gregor","Presnell","gpresnell9d@csmonitor.com","$9,298.94",06/03/23
339,"Bonnibelle","Sherrin","bsherrin9e@earthlink.net","$8,526.86","3/15/2023"
340,"Patrizius","Buckner","pbuckner9f@ow.ly","$1,926.09","6/13/2023"
341,"Hortensia","Vallerine","hvallerine9g@hugedomains.com",$183.47,"6/25/2023"
342,"Evie","Babcock","ebabcock9h@rakuten.co.jp","$5,064.02","5/16/2023"
343,"Addia","Matysiak","amatysiak9i@mit.edu","$3,256.53","9/25/2023"
344,"Cathie","Milland","cmilland9j@ovh.net","$9,001.19",02/04/23
345,"Philippine","Pampling","ppampling9k@hibu.com","$9,134.13","7/17/2023"
346,"Therese","Cahan","tcahan9l@twitpic.com","$3,646.47","11/26/2023"
347,"Carmon","Ciccotto","cciccotto9m@zimbio.com","$4,255.76",06/01/23
348,"Marlie","Treleven","mtreleven9n@wsj.com","$7,566.65",07/04/23
349,"Becki","Keough","bkeough9o@nhs.uk","$6,427.70",09/01/23
350,"Pepe","Jonas","pjonas9p@imdb.com","$5,358.97",04/12/23
351,"Veronique","Wardel","vwardel9q@creativecommons.org",$503.58,05/07/23
352,"Raff","Cassella","rcassella9r@webmd.com","$6,522.69",04/08/23
353,"Cybil","Locks","clocks9s@nydailynews.com","$1,483.20","2/20/2023"
354,"Debbi","Mingotti","dmingotti9t@hexun.com","$4,270.40","5/21/2023"
355,"Athena","Zoren","azoren9u@dailymotion.com","$2,149.30","4/16/2023"
356,"Edy","Scrowby","escrowby9v@mlb.com","$3,028.07","2/15/2023"
357,"Gregorio","Luckham","gluckham9w@amazon.com",$773.20,"12/22/2022"
358,"Marcello","Danter","mdanter9x@slashdot.org","$2,662.76","6/20/2023"
359,"Talya","Elgie","telgie9y@ycombinator.com",$307.87,"9/16/2023"
360,"Farrah","Harburtson","fharburtson9z@fastcompany.com","$6,157.70","2/23/2023"
361,"Weylin","Bowie","wbowiea0@joomla.org","$6,865.82",11/07/23
362,"Wilmette","Harler","wharlera1@smh.com.au","$3,504.96",05/08/23
363,"Dacy","Bortoli","dbortolia2@berkeley.edu","$8,737.26",06/04/23
364,"Gaynor","Fladgate","gfladgatea3@addtoany.com","$2,465.38","1/29/2023"
365,"Adan","Christofor","achristofora4@geocities.com","$9,538.78",10/04/23
366,"Elwin","Pavese","epavesea5@cbslocal.com","$1,276.07",04/03/23
367,"Angil","Volleth","avolletha6@army.mil","$8,117.53","1/17/2023"
368,"Issie","McComiskey","imccomiskeya7@nydailynews.com","$2,747.56",06/02/23
369,"Skippie","Grabban","sgrabbana8@google.de","$1,879.19","7/26/2023"
370,"Dicky","Lyddiatt","dlyddiatta9@nature.com","$8,319.51","3/30/2023"
371,"Alyssa","O'Murtagh","aomurtaghaa@uol.com.br","$8,964.32","3/27/2023"
372,"Denyse","Meadway","dmeadwayab@blinklist.com","$2,018.33",07/01/23
373,"Darrell","Coult","dcoultac@sogou.com","$1,858.47","1/20/2023"
374,"Matty","Petrol","mpetrolad@stumbleupon.com","$1,400.95","3/25/2023"
375,"Audie","Habbes","ahabbesae@amazon.de","$2,221.45","11/26/2023"
376,"Ambrosius","Barttrum","abarttrumaf@soup.io","$3,228.40","9/24/2023"
377,"Ida","Reinard","ireinardag@japanpost.jp","$5,417.62",12/04/23
378,"Trudy","Buckoke","tbuckokeah@princeton.edu","$9,361.82",11/07/23
379,"Kennett","Maffin","kmaffinai@wikipedia.org","$7,740.80","2/13/2023"
380,"Connie","Woodgate","cwoodgateaj@exblog.jp","$7,243.53","11/30/2023"
381,"Fifi","O'Reagan","foreaganak@friendfeed.com","$5,294.01",07/10/23
382,"Yolane","Schumacher","yschumacheral@xinhuanet.com","$2,779.10","5/15/2023"
383,"Bogart","Lakin","blakinam@omniture.com","$5,942.76",05/07/23
384,"Annalise","Johananoff","ajohananoffan@cpanel.net","$8,254.42","7/21/2023"
385,"Kittie","Pendleton","kpendletonao@lycos.com",$219.87,"3/31/2023"
386,"Tabbi","McAdam","tmcadamap@walmart.com","$8,147.99","3/18/2023"
387,"Tadeo","Rebanks","trebanksaq@prweb.com","$6,559.07","8/28/2023"
388,"Dane","Armsden","darmsdenar@xrea.com","$3,003.07","6/22/2023"
389,"Cindie","Tinner","ctinneras@qq.com","$7,436.89",10/11/23
390,"Corny","Gilchrest","cgilchrestat@shinystat.com","$2,474.30",04/11/23
391,"Doralia","Crevy","dcrevyau@foxnews.com","$6,956.82",05/03/23
392,"Kennie","Brennan","kbrennanav@over-blog.com","$6,982.41",12/11/23
393,"Henderson","Skeats","hskeatsaw@answers.com","$3,149.78","2/24/2023"
394,"Gae","Hulatt","ghulattax@accuweather.com","$7,848.58","5/13/2023"
395,"Lissie","Lawlie","llawlieay@independent.co.uk","$2,154.19","8/26/2023"
396,"Emmit","Burness","eburnessaz@japanpost.jp","$6,235.76",06/03/23
397,"Rufus","Carnson","rcarnsonb0@yellowpages.com","$8,803.69","5/20/2023"
398,"Northrup","Badcock","nbadcockb1@hhs.gov","$6,998.04","9/22/2023"
399,"Klement","Muncie","kmuncieb2@go.com","$6,451.27","8/27/2023"
400,"Ealasaid","Gipp","egippb3@patch.com",$854.16,"9/25/2023"
401,"Doug","Klaaassen","dklaaassenb4@yahoo.co.jp","$8,771.35","3/28/2023"
402,"Brand","Cornish","bcornishb5@dell.com","$2,684.51",12/09/23
403,"Rianon","Lehmann","rlehmannb6@newyorker.com","$5,235.40","10/22/2023"
404,"Latia","Fealey","lfealeyb7@weather.com","$8,126.81","2/26/2023"
405,"Gladi","Sycamore","gsycamoreb8@icq.com","$6,977.21",02/02/23
406,"Netti","Archdeckne","narchdeckneb9@dmoz.org","$4,744.04","6/23/2023"
407,"Wenona","Castilla","wcastillaba@dailymail.co.uk","$5,946.24",02/05/23
408,"Salaidh","Peach","speachbb@utexas.edu",$989.84,"11/28/2023"
409,"Timofei","Symington","tsymingtonbc@nifty.com","$7,000.89","4/17/2023"
410,"Greggory","Rabbitt","grabbittbd@sohu.com","$9,871.01",10/01/23
411,"Letti","Richford","lrichfordbe@networkadvertising.org","$5,328.19","7/19/2023"
412,"Birch","Scotts","bscottsbf@statcounter.com",$983.49,"12/28/2022"
413,"Lilllie","Vedeshkin","lvedeshkinbg@mediafire.com","$4,093.51","5/18/2023"
414,"Nikita","Bromwich","nbromwichbh@biblegateway.com","$3,769.54","1/25/2023"
415,"Billy","Janisson","bjanissonbi@wiley.com","$4,076.05",05/03/23
416,"Frayda","MacQuaker","fmacquakerbj@foxnews.com","$8,953.51","10/21/2023"
417,"Janifer","Garbott","jgarbottbk@upenn.edu","$2,798.83","7/30/2023"
418,"Shea","Le Gallo","slegallobl@discovery.com","$8,925.47",06/02/23
419,"Clementia","Priest","cpriestbm@loc.gov","$5,013.79","1/21/2023"
420,"Horacio","Doggerell","hdoggerellbn@geocities.jp",$725.59,"11/21/2023"
421,"Gayla","Strase","gstrasebo@theguardian.com","$4,550.73","7/21/2023"
422,"Hatti","Mellows","hmellowsbp@surveymonkey.com","$6,773.86",11/08/23
423,"Bobbye","Gores","bgoresbq@hhs.gov","$4,290.50","8/19/2023"
424,"Peggy","Bellocht","pbellochtbr@independent.co.uk","$1,775.15",11/08/23
425,"Katharine","Stocking","kstockingbs@opera.com","$2,426.79",04/06/23
426,"Maddie","Aldine","maldinebt@youtube.com","$3,808.87","6/14/2023"
427,"Annamarie","Shaxby","ashaxbybu@twitter.com","$3,753.83","12/21/2022"
428,"Hollyanne","Claffey","hclaffeybv@wikia.com","$5,043.43","7/25/2023"
429,"Doretta","Barnard","dbarnardbw@blogs.com","$5,621.95","4/18/2023"
430,"Baily","Grieger","bgriegerbx@google.ru","$1,867.18",05/09/23
431,"Lancelot","Rennenbach","lrennenbachby@topsy.com","$5,638.66","9/25/2023"
432,"Britni","Lampart","blampartbz@hud.gov","$5,699.49",05/05/23
433,"Larina","Lockhead","llockheadc0@dedecms.com","$5,303.71",11/11/23
434,"Tye","Zimmermeister","tzimmermeisterc1@cargocollective.com","$2,798.29","12/30/2022"
435,"Marris","Keel","mkeelc2@cmu.edu","$5,969.44","10/26/2023"
436,"Agretha","O'Toole","aotoolec3@accuweather.com",$352.59,03/09/23
437,"Vanessa","Credland","vcredlandc4@opera.com","$9,907.74",05/07/23
438,"Donnie","Hoffman","dhoffmanc5@dropbox.com","$2,219.27","12/26/2022"
439,"Aurie","Guilford","aguilfordc6@patch.com","$4,486.73","12/24/2022"
440,"Jackson","Shaxby","jshaxbyc7@patch.com","$6,120.48","11/29/2023"
441,"Anica","Finby","afinbyc8@tuttocitta.it","$7,434.77","8/21/2023"
442,"Zena","Boag","zboagc9@unc.edu","$2,802.49","8/24/2023"
443,"Tiertza","Grafhom","tgrafhomca@economist.com","$8,573.23",01/08/23
444,"Trina","Karlicek","tkarlicekcb@oracle.com","$8,154.76","3/30/2023"
445,"Robinia","Reedyhough","rreedyhoughcc@seesaa.net","$6,168.62","6/28/2023"
446,"Crosby","Epinay","cepinaycd@plala.or.jp","$4,895.29","3/23/2023"
447,"Archibold","Grumble","agrumblece@studiopress.com","$5,019.74","2/26/2023"
448,"Theo","Patley","tpatleycf@answers.com","$7,270.79","11/17/2023"
449,"Alie","Scotter","ascottercg@vistaprint.com","$4,101.24","4/23/2023"
450,"Rolland","Paulig","rpauligch@miibeian.gov.cn","$1,975.12",10/06/23
451,"Kate","McFaul","kmcfaulci@java.com","$3,431.84",05/03/23
452,"Sadella","Bruno","sbrunocj@tumblr.com","$2,758.75","10/16/2023"
453,"Michale","Winridge","mwinridgeck@last.fm","$4,783.59","5/13/2023"
454,"Kizzie","Hanford","khanfordcl@soup.io","$1,336.99",08/01/23
455,"Marjory","Devonald","mdevonaldcm@japanpost.jp","$5,186.47",04/09/23
456,"Elvira","Kittiman","ekittimancn@businessweek.com","$1,156.44","8/30/2023"
457,"Trey","Swatheridge","tswatheridgeco@dedecms.com","$2,105.22","2/16/2023"
458,"Ezequiel","Kitney","ekitneycp@cpanel.net","$3,859.30","8/31/2023"
459,"Fancy","Miere","fmierecq@is.gd","$7,080.54","9/30/2023"
460,"Sherwin","Van Arsdalen","svanarsdalencr@unblog.fr","$9,975.15","9/30/2023"
461,"Vilhelmina","Itzik","vitzikcs@bing.com","$3,773.46","9/30/2023"
462,"Chandra","Moncey","cmonceyct@naver.com","$8,800.67","5/27/2023"
463,"Rivalee","Bursnell","rbursnellcu@icq.com","$2,663.41","12/13/2022"
464,"Eugenia","Hinkley","ehinkleycv@chron.com","$2,914.62",08/04/23
465,"Zachariah","Bowlesworth","zbowlesworthcw@mashable.com","$4,765.24","5/15/2023"
466,"Val","Wheelhouse","vwheelhousecx@shinystat.com","$7,480.46","12/21/2022"
467,"Pennie","Jurasek","pjurasekcy@reference.com","$3,155.64",10/07/23
468,"Carrol","Fingleton","cfingletoncz@technorati.com","$4,144.53",05/12/23
469,"Hildegaard","Bettinson","hbettinsond0@huffingtonpost.com","$3,442.16",09/04/23
470,"Maisey","Buntin","mbuntind1@jimdo.com",$236.87,"8/16/2023"
471,"Rosella","Squibe","rsquibed2@hatena.ne.jp","$2,430.47","6/26/2023"
472,"Don","Yven","dyvend3@slashdot.org","$2,836.74","1/18/2023"
473,"Philbert","Neath","pneathd4@plala.or.jp","$4,344.99",03/04/23
474,"Verile","Cejka","vcejkad5@twitter.com","$9,762.66",10/07/23
475,"Sorcha","Beahan","sbeahand6@cyberchimps.com","$4,878.66",12/07/23
476,"Jacinta","Bog","jbogd7@bbc.co.uk","$3,381.26","9/22/2023"
477,"Abbey","Stinton","astintond8@about.me","$3,606.34","9/30/2023"
478,"Bengt","Potteridge","bpotteridged9@archive.org","$4,110.94",04/06/23
479,"Kimble","Ellick","kellickda@cisco.com","$2,757.91",04/03/23
480,"Sonni","Paike","spaikedb@qq.com","$2,673.19","3/22/2023"
481,"Langsdon","Romanetti","lromanettidc@salon.com","$1,126.95","4/18/2023"
482,"Fee","Lansbury","flansburydd@joomla.org","$1,958.63","3/22/2023"
483,"Marion","Gouldstraw","mgouldstrawde@gmpg.org","$8,364.15","11/24/2023"
484,"Chris","Brounsell","cbrounselldf@ifeng.com","$4,363.99",09/10/23
485,"Aurelia","Ferrettini","aferrettinidg@domainmarket.com","$1,033.07",12/11/23
486,"Jarid","Rassmann","jrassmanndh@webeden.co.uk","$9,164.44","3/15/2023"
487,"Augy","Acosta","aacostadi@twitter.com","$1,606.94","5/21/2023"
488,"Hubey","Danielczyk","hdanielczykdj@theglobeandmail.com","$8,997.87","5/25/2023"
489,"Lanny","Arpino","larpinodk@flickr.com","$1,312.93","9/22/2023"
490,"Arley","Cowill","acowilldl@scientificamerican.com","$5,288.72",12/02/23
491,"Elliott","Angood","eangooddm@msn.com","$1,472.16",05/07/23
492,"Marlo","Courtney","mcourtneydn@theatlantic.com","$2,714.03",01/04/23
493,"Bob","Sidey","bsideydo@wsj.com","$8,589.52",11/08/23
494,"Bidget","Clarridge","bclarridgedp@washington.edu","$2,685.22","7/29/2023"
495,"Jacki","Zanassi","jzanassidq@macromedia.com","$4,752.92",01/02/23
496,"Sondra","Maris","smarisdr@ocn.ne.jp","$8,765.03","10/21/2023"
497,"Flori","Laible","flaibleds@google.de","$7,210.91",11/02/23
498,"Shaina","Crat","scratdt@discovery.com","$9,151.62","1/30/2023"
499,"Katti","Birrel","kbirreldu@ft.com","$3,019.14","3/27/2023"
500,"Laureen","Row","lrowdv@salon.com","$9,209.51",01/07/23
501,"Dewain","Sansom","dsansomdw@europa.eu","$7,123.67","10/14/2023"
502,"Marlow","Oehm","moehmdx@arstechnica.com","$2,782.61","1/13/2023"
503,"Maegan","Elcom","melcomdy@storify.com","$5,165.78","4/13/2023"
504,"Arlin","Antonutti","aantonuttidz@aboutads.info","$8,536.79","5/21/2023"
505,"Constance","Aronowicz","caronowicze0@acquirethisname.com","$1,901.60","5/13/2023"
506,"Bette","Hadland","bhadlande1@prweb.com","$9,843.60","10/20/2023"
507,"Chancey","Aulsford","caulsforde2@symantec.com","$2,374.24",08/09/23
508,"Ebba","Scragg","escragge3@meetup.com","$8,292.41","4/16/2023"
509,"Scotty","Coull","scoulle4@go.com","$1,239.40","2/18/2023"
510,"Chastity","Neville","cnevillee5@dyndns.org","$4,572.39",02/01/23
511,"Nolana","Vicioso","nviciosoe6@umn.edu",$792.47,07/12/23
512,"Cinnamon","Garlee","cgarleee7@1und1.de","$5,130.46",12/12/23
513,"Alexei","Milsom","amilsome8@aboutads.info","$3,766.78",02/05/23
514,"Hugh","Powell","hpowelle9@live.com","$5,740.91",10/08/23
515,"Ange","Kitney","akitneyea@storify.com",$871.58,08/04/23
516,"Les","Rattery","lratteryeb@google.ru","$5,933.96",09/06/23
517,"Lynne","Boas","lboasec@sitemeter.com",$696.76,"12/21/2022"
518,"Alwyn","Bruyet","abruyeted@aol.com","$2,886.85","2/25/2023"
519,"Lottie","Cannon","lcannonee@who.int","$7,628.72",09/10/23
520,"Hanan","Hallawell","hhallawellef@joomla.org","$6,679.74",05/08/23
521,"Bekki","Whitehorn","bwhitehorneg@dell.com","$4,431.67","3/31/2023"
522,"Bette-ann","Bernardi","bbernardieh@topsy.com","$9,793.49","2/22/2023"
523,"Harland","Crocker","hcrockerei@newsvine.com","$6,779.51","2/13/2023"
524,"Aidan","Ollarenshaw","aollarenshawej@whitehouse.gov","$1,469.39","3/15/2023"
525,"Meryl","Pruce","mpruceek@un.org","$4,054.54",05/04/23
526,"Durant","Snozzwell","dsnozzwellel@wordpress.com","$2,779.72",10/10/23
527,"Arne","Jewster","ajewsterem@earthlink.net","$8,510.13",11/01/23
528,"Lionel","Jaggard","ljaggarden@blogs.com","$1,121.93","9/16/2023"
529,"Elyssa","Brotherwood","ebrotherwoodeo@booking.com",$732.66,"7/23/2023"
530,"Amber","Ashpital","aashpitalep@icq.com","$6,433.16",04/02/23
531,"Derwin","Kwietek","dkwietekeq@aol.com","$3,903.52",12/11/23
532,"Opal","Vanyushkin","ovanyushkiner@redcross.org","$8,784.21",01/03/23
533,"Boot","Crowley","bcrowleyes@blogspot.com","$8,762.24","3/20/2023"
534,"Hobie","Scholes","hscholeset@auda.org.au","$2,434.29","6/25/2023"
535,"Ardith","Harkins","aharkinseu@nydailynews.com","$1,603.40","4/13/2023"
536,"Rosetta","Gullivent","rgulliventev@github.io","$1,434.24","11/23/2023"
537,"Bruno","Hasty","bhastyew@salon.com","$9,585.61","3/22/2023"
538,"Ive","Frankowski","ifrankowskiex@discuz.net","$1,620.20",09/02/23
539,"Milka","Swait","mswaitey@hc360.com","$6,702.52",08/08/23
540,"Loreen","Littlecote","llittlecoteez@nba.com","$1,578.48","9/21/2023"
541,"Sharla","Oats","soatsf0@angelfire.com","$4,446.72","5/16/2023"
542,"Louie","McWard","lmcwardf1@addthis.com","$4,391.14",11/12/23
543,"Kiri","Creeber","kcreeberf2@europa.eu","$1,958.08","8/27/2023"
544,"Adrianna","Baudi","abaudif3@qq.com","$2,093.27",06/10/23
545,"Lucita","Oade","loadef4@google.co.uk",$411.12,01/02/23
546,"Meir","Haythorne","mhaythornef5@newyorker.com","$2,551.30","4/25/2023"
547,"Georgeanne","Burnep","gburnepf6@theatlantic.com","$9,754.58",03/12/23
548,"Claiborne","Wilfing","cwilfingf7@uol.com.br","$1,268.98","1/13/2023"
549,"Gordan","Milsom","gmilsomf8@auda.org.au","$2,958.10",12/05/23
550,"Lyndy","Lethbridge","llethbridgef9@moonfruit.com","$3,826.52","3/30/2023"
551,"Codee","Yatman","cyatmanfa@nature.com","$5,665.34","11/25/2023"
552,"Joane","Casbolt","jcasboltfb@go.com","$5,916.59","4/30/2023"
553,"Irina","Bagnell","ibagnellfc@washington.edu","$1,842.35","12/15/2022"
554,"Rosie","Lamborn","rlambornfd@yandex.ru",$797.81,"9/26/2023"
555,"Jere","Corkan","jcorkanfe@tumblr.com","$3,463.19","9/24/2023"
556,"Eolanda","Beauvais","ebeauvaisff@seattletimes.com",$511.08,"6/24/2023"
557,"Emili","Phetteplace","ephetteplacefg@live.com","$1,929.68",11/02/23
558,"Baron","Blumfield","bblumfieldfh@naver.com","$1,893.84",03/10/23
559,"Nevile","Zanassi","nzanassifi@lulu.com","$5,976.83","3/15/2023"
560,"Rebecka","Heggison","rheggisonfj@networksolutions.com",$56.34,10/08/23
561,"Jeanette","Kemmey","jkemmeyfk@godaddy.com","$7,744.05","1/18/2023"
562,"Morton","Bhar","mbharfl@craigslist.org","$7,884.01","6/24/2023"
563,"Ansel","O'Cullinane","aocullinanefm@answers.com","$4,960.13",07/07/23
564,"Kerianne","Gordon","kgordonfn@arizona.edu","$2,573.51","6/15/2023"
565,"Amata","Ickov","aickovfo@cargocollective.com","$1,570.34","9/25/2023"
566,"Leonid","Romke","lromkefp@nyu.edu","$8,141.98","10/22/2023"
567,"Elston","Hedger","ehedgerfq@etsy.com","$5,183.39","11/21/2023"
568,"Lira","Gorham","lgorhamfr@baidu.com","$2,067.32",08/05/23
569,"Eleanore","Wyett","ewyettfs@nyu.edu","$4,150.35","11/27/2023"
570,"Sophie","Newart","snewartft@weibo.com","$2,233.95","9/16/2023"
571,"Niall","Waddams","nwaddamsfu@redcross.org","$1,086.85",08/12/23
572,"Annadiana","Renfrew","arenfrewfv@whitehouse.gov","$3,981.42","5/26/2023"
573,"Federica","Kendall","fkendallfw@seesaa.net","$7,471.43","8/26/2023"
574,"Wynnie","Steffens","wsteffensfx@t.co","$8,459.28",03/08/23
575,"Dugald","Scholte","dscholtefy@mozilla.com","$6,670.93","10/31/2023"
576,"Ernie","Paddemore","epaddemorefz@nsw.gov.au","$5,131.52","5/24/2023"
577,"Ginni","Firle","gfirleg0@vimeo.com","$4,174.65","7/22/2023"
578,"Helenka","Kiwitz","hkiwitzg1@blinklist.com","$8,720.09","11/16/2023"
579,"Malorie","Piscot","mpiscotg2@hubpages.com","$3,675.49","8/29/2023"
580,"Kennan","Lacaze","klacazeg3@tripod.com","$6,087.89","3/21/2023"
581,"Winnifred","Simoens","wsimoensg4@state.tx.us","$5,337.34","1/29/2023"
582,"Vail","Cristofano","vcristofanog5@booking.com","$7,786.36","6/18/2023"
583,"Nessy","Phillipp","nphillippg6@walmart.com","$3,620.24","12/16/2022"
584,"Ninnette","Monkley","nmonkleyg7@tripod.com",$441.68,07/03/23
585,"Essie","Pikhno","epikhnog8@naver.com","$8,304.56",04/06/23
586,"Willy","Lydon","wlydong9@facebook.com","$7,212.16","8/19/2023"
587,"Annetta","Lampaert","alampaertga@home.pl","$5,375.09",03/02/23
588,"Ryun","Quelch","rquelchgb@pcworld.com","$6,488.63","3/23/2023"
589,"Brig","Lowry","blowrygc@ox.ac.uk","$7,754.80","7/17/2023"
590,"Barbey","Dallicoat","bdallicoatgd@wordpress.com","$2,128.62","10/19/2023"
591,"Whitney","Stogill","wstogillge@whitehouse.gov","$8,130.75",10/10/23
592,"Hugo","Charlin","hcharlingf@nasa.gov","$3,706.68",08/09/23
593,"Hyman","Spink","hspinkgg@aboutads.info","$3,331.17",12/02/23
594,"Granger","Beales","gbealesgh@storify.com","$5,211.34","4/13/2023"
595,"Sergio","Ruby","srubygi@harvard.edu","$5,241.36","1/17/2023"
596,"Fernando","Wahncke","fwahnckegj@weebly.com","$1,172.57","6/17/2023"
597,"Aguste","Exley","aexleygk@google.com.au","$3,021.52","11/20/2023"
598,"Mahala","Verchambre","mverchambregl@skyrock.com","$9,561.62",02/12/23
599,"Albie","Di Matteo","adimatteogm@mozilla.com","$7,830.10",01/04/23
600,"Daisi","Otter","dottergn@yale.edu","$6,831.53","8/29/2023"
601,"Alfie","Liver","alivergo@buzzfeed.com","$6,252.13","10/28/2023"
602,"Lonna","O'Scanlon","loscanlongp@businessinsider.com","$4,355.70","9/26/2023"
603,"Juliana","Bibey","jbibeygq@amazon.com","$8,577.64",06/12/23
604,"Timmie","Cullity","tcullitygr@bigcartel.com","$1,885.73","7/24/2023"
605,"Doralyn","Sproul","dsproulgs@ft.com","$7,242.96","12/16/2022"
606,"Lesley","Britney","lbritneygt@dell.com","$4,938.88","7/21/2023"
607,"Phelia","Casale","pcasalegu@icio.us","$3,430.04","3/26/2023"
608,"Louie","Kitchenside","lkitchensidegv@princeton.edu","$5,876.42","9/14/2023"
609,"Sigrid","Delgardillo","sdelgardillogw@sfgate.com","$8,608.93",06/04/23
610,"Trueman","Brisset","tbrissetgx@instagram.com","$8,238.96",03/11/23
611,"Cayla","Meran","cmerangy@blinklist.com","$4,853.48",03/06/23
612,"Ollie","Kollas","okollasgz@eventbrite.com","$2,261.33","7/17/2023"
613,"Annetta","Gilardone","agilardoneh0@shop-pro.jp","$2,588.44","7/14/2023"
614,"Jordain","Andric","jandrich1@over-blog.com","$5,668.29","5/20/2023"
615,"Otha","Kruszelnicki","okruszelnickih2@cisco.com","$9,406.96","8/28/2023"
616,"Janene","Mandel","jmandelh3@goo.gl","$7,661.71","1/18/2023"
617,"Jermaine","Dukesbury","jdukesburyh4@ebay.com",$44.56,"4/16/2023"
618,"Doralyn","Tew","dtewh5@yelp.com","$3,548.24","12/30/2022"
619,"Jarrid","Bride","jbrideh6@cpanel.net","$3,849.40",08/01/23
620,"Johann","Lasty","jlastyh7@wikispaces.com",$937.61,03/04/23
621,"Maren","Spellecy","mspellecyh8@jimdo.com","$9,267.58",03/10/23
622,"Camilla","Farre","cfarreh9@ebay.com","$8,709.74","2/17/2023"
623,"Teirtza","Prophet","tprophetha@com.com","$6,517.54","2/25/2023"
624,"Marina","Artindale","martindalehb@springer.com","$1,801.32",11/06/23
625,"Harald","Whitwell","hwhitwellhc@spiegel.de","$6,265.53",04/07/23
626,"Tommie","Crolly","tcrollyhd@webeden.co.uk","$9,018.74","12/17/2022"
627,"Ragnar","Salmon","rsalmonhe@digg.com",$415.86,07/08/23
628,"Michelina","Jurisch","mjurischhf@twitpic.com","$5,406.87",06/01/23
629,"Kale","Dufton","kduftonhg@people.com.cn","$9,820.58",03/08/23
630,"Reinhold","Collingwood","rcollingwoodhh@desdev.cn","$3,428.84",08/08/23
631,"Oby","Dickin","odickinhi@ebay.com","$1,446.90","9/25/2023"
632,"Christine","Lasselle","classellehj@seattletimes.com","$5,965.55","5/26/2023"
633,"Milo","Iacovuzzi","miacovuzzihk@ucoz.ru",$522.64,12/08/23
634,"Earl","Oxlee","eoxleehl@squarespace.com",$720.66,"11/27/2023"
635,"Martelle","Caldeyroux","mcaldeyrouxhm@blogger.com","$6,430.59",02/12/23
636,"Magdalene","Mewha","mmewhahn@cocolog-nifty.com","$9,808.64","2/21/2023"
637,"Jeralee","Rohlfing","jrohlfingho@sun.com","$1,202.66",09/09/23
638,"Deva","Causbey","dcausbeyhp@comcast.net","$3,608.76","7/24/2023"
639,"Nertie","Fawcett","nfawcetthq@hostgator.com","$8,251.69",01/10/23
640,"Flo","Wetherald","fwetheraldhr@i2i.jp","$2,269.71","5/21/2023"
641,"Bertram","Rosin","brosinhs@samsung.com","$6,635.72","5/26/2023"
642,"Em","Mantz","emantzht@patch.com","$3,473.94","9/18/2023"
643,"Aurlie","Sarrell","asarrellhu@blogspot.com",$230.45,"12/29/2022"
644,"Willdon","Lovatt","wlovatthv@indiatimes.com","$8,586.77",10/11/23
645,"Chev","Whatford","cwhatfordhw@amazon.com","$9,651.97",12/06/23
646,"Gibbie","Dimont","gdimonthx@unc.edu","$5,715.46",10/11/23
647,"Blanca","Gellately","bgellatelyhy@kickstarter.com","$4,338.73","8/20/2023"
648,"Robin","Cristofalo","rcristofalohz@devhub.com",$22.64,"5/31/2023"
649,"Tremayne","Shovelton","tshoveltoni0@histats.com","$4,735.01","9/22/2023"
650,"Karel","Mitrovic","kmitrovici1@1und1.de","$4,238.20","5/20/2023"
651,"Jerad","Froud","jfroudi2@reference.com","$8,258.38",03/06/23
652,"Rosabelle","McGraith","rmcgraithi3@purevolume.com","$6,908.32","5/17/2023"
653,"Brinna","Yetts","byettsi4@drupal.org","$6,375.69","4/29/2023"
654,"Annemarie","Whitebread","awhitebreadi5@archive.org","$5,791.45",07/06/23
655,"Yves","Bottrell","ybottrelli6@ucoz.ru","$8,087.45","11/27/2023"
656,"Buddy","Rehor","brehori7@sbwire.com","$1,122.82",11/11/23
657,"Brandyn","Walasik","bwalasiki8@amazon.co.uk",$630.96,07/07/23
658,"Cherin","Shrimptone","cshrimptonei9@joomla.org","$8,140.46","10/22/2023"
659,"Eleanor","Arlott","earlottia@webnode.com",$536.89,"3/27/2023"
660,"Annamarie","Lipp","alippib@va.gov","$4,992.55","4/22/2023"
661,"Belia","Rodgerson","brodgersonic@ftc.gov","$6,671.85","8/20/2023"
662,"Sandi","Fearnill","sfearnillid@prweb.com","$4,282.35","7/25/2023"
663,"Lira","Mellows","lmellowsie@nydailynews.com",$389.48,"7/18/2023"
664,"Christyna","Mulrenan","cmulrenanif@mozilla.com","$8,499.93","11/29/2023"
665,"Carey","Blakelock","cblakelockig@deliciousdays.com","$9,249.22",05/12/23
666,"Fionnula","Alastair","falastairih@istockphoto.com","$5,474.33","7/24/2023"
667,"Jedidiah","Baxandall","jbaxandallii@barnesandnoble.com",$112.06,05/04/23
668,"Helsa","Wornum","hwornumij@boston.com",$860.57,"2/27/2023"
669,"Natala","Raftery","nrafteryik@gizmodo.com","$8,229.70","12/30/2022"
670,"Cindee","Niave","cniaveil@taobao.com","$2,374.57",05/09/23
671,"Willette","McNea","wmcneaim@guardian.co.uk","$3,468.49",01/09/23
672,"Sibylle","Flacknoe","sflacknoein@devhub.com","$3,666.70","10/17/2023"
673,"Rollie","Cobbledick","rcobbledickio@whitehouse.gov","$6,095.61",12/06/23
674,"Benoite","Overpool","boverpoolip@bandcamp.com","$4,325.53","6/21/2023"
675,"Ellen","Woodberry","ewoodberryiq@pen.io",$382.29,"11/14/2023"
676,"Gayelord","Bills","gbillsir@php.net","$7,544.06",02/07/23
677,"Antone","Hale","ahaleis@blinklist.com","$7,640.87","7/25/2023"
678,"Jeffrey","Choke","jchokeit@ustream.tv","$6,552.60","5/26/2023"
679,"Raul","Pfaffe","rpfaffeiu@ft.com","$2,844.12","7/22/2023"
680,"Stan","Whanstall","swhanstalliv@reverbnation.com","$1,739.21",07/02/23
681,"Annnora","Baudinelli","abaudinelliiw@msn.com","$4,253.85","12/20/2022"
682,"Hillie","Crossfield","hcrossfieldix@fc2.com","$2,033.74",02/04/23
683,"Lotty","Celle","lcelleiy@live.com","$2,299.53",03/10/23
684,"Jorrie","Abyss","jabyssiz@google.de","$8,124.32",11/08/23
685,"Amelina","Fideler","afidelerj0@omniture.com","$6,603.41","5/14/2023"
686,"Janice","Oller","jollerj1@huffingtonpost.com","$5,668.82","2/26/2023"
687,"Urbanus","McNuff","umcnuffj2@cam.ac.uk","$6,659.66","10/17/2023"
688,"Fanny","Sandy","fsandyj3@goodreads.com","$5,879.74",08/07/23
689,"Boote","Maplethorpe","bmaplethorpej4@utexas.edu","$5,302.64","10/31/2023"
690,"Mickie","Iliffe","miliffej5@vinaora.com","$7,656.88","1/23/2023"
691,"Ralf","Campanelle","rcampanellej6@about.me","$3,871.86",09/12/23
692,"Stinky","Blevin","sblevinj7@microsoft.com",$808.08,"10/28/2023"
693,"Corbie","Bortolomei","cbortolomeij8@t-online.de",$17.94,"8/29/2023"
694,"Liliane","Goodings","lgoodingsj9@desdev.cn","$4,247.94","5/28/2023"
695,"Daniela","Filchagin","dfilchaginja@ihg.com","$1,527.97","8/14/2023"
696,"Lynda","Whopples","lwhopplesjb@drupal.org","$1,256.48","5/18/2023"
697,"Tiphany","Vondracek","tvondracekjc@trellian.com",$873.68,"10/14/2023"
698,"Stanislaw","Eagell","seagelljd@bbb.org","$6,240.33","2/19/2023"
699,"Anatola","Romanin","aromaninje@ucla.edu","$7,711.08",10/05/23
700,"Mala","Abramovitz","mabramovitzjf@google.com.br","$5,802.40","11/18/2023"
701,"Allyson","Schuricke","aschurickejg@reddit.com","$9,201.08","7/24/2023"
702,"Brian","Ronan","bronanjh@dailymotion.com",$400.85,"1/30/2023"
703,"Maximilian","Ericsson","mericssonji@myspace.com","$3,905.89","11/19/2023"
704,"Uri","Impleton","uimpletonjj@vistaprint.com","$1,619.04",01/02/23
705,"Chad","Dell","cdelljk@hibu.com","$2,912.38","1/25/2023"
706,"Mattheus","Josofovitz","mjosofovitzjl@princeton.edu","$4,859.50","1/21/2023"
707,"Terrell","Pearle","tpearlejm@google.com.au","$7,908.02",04/10/23
708,"Kin","Mattin","kmattinjn@mapy.cz","$2,540.56","8/22/2023"
709,"Kaitlynn","Giroldo","kgiroldojo@weibo.com","$6,943.08","12/19/2022"
710,"Ravid","Brende","rbrendejp@ihg.com","$9,477.28",03/06/23
711,"Joelynn","Jeffcock","jjeffcockjq@cam.ac.uk","$1,625.35","8/16/2023"
712,"Ellerey","Di Biagio","edibiagiojr@microsoft.com","$7,612.78","7/26/2023"
713,"Yuma","Rout","yroutjs@icio.us","$1,759.10","8/22/2023"
714,"Jsandye","Giovannelli","jgiovannellijt@businessinsider.com","$9,663.13",07/09/23
715,"Anastassia","Synan","asynanju@cisco.com","$8,718.44",05/02/23
716,"Morena","McMurrugh","mmcmurrughjv@foxnews.com","$7,917.82","1/28/2023"
717,"Darwin","Growcott","dgrowcottjw@moonfruit.com","$7,478.64","3/22/2023"
718,"Natka","Oxberry","noxberryjx@surveymonkey.com",$409.72,"7/24/2023"
719,"Bevvy","Moyer","bmoyerjy@businessinsider.com","$5,504.29",01/08/23
720,"Lucho","Pirelli","lpirellijz@uol.com.br","$5,221.05",07/06/23
721,"Alyssa","Roust","aroustk0@wufoo.com",$869.30,"9/25/2023"
722,"Prudence","McAw","pmcawk1@epa.gov","$4,363.30","3/19/2023"
723,"Myriam","Farens","mfarensk2@clickbank.net","$3,651.06",02/11/23
724,"Drusilla","Forsaith","dforsaithk3@nbcnews.com",$60.16,"12/27/2022"
725,"Gusty","McAlroy","gmcalroyk4@businessinsider.com","$1,801.58","3/18/2023"
726,"Frederigo","Paoloni","fpaolonik5@twitpic.com","$5,975.30",04/09/23
727,"Olly","Pryn","oprynk6@ezinearticles.com",$872.60,"3/29/2023"
728,"Philly","Hissie","phissiek7@seesaa.net","$7,022.25","8/26/2023"
729,"Moyra","Judgkins","mjudgkinsk8@delicious.com","$9,955.75","1/28/2023"
730,"Matti","Goldin","mgoldink9@tmall.com","$7,951.31","6/22/2023"
731,"Hurleigh","Deverill","hdeverillka@comsenz.com","$3,243.74",12/04/23
732,"Tymothy","Weathey","tweatheykb@youku.com","$5,129.31","11/29/2023"
733,"Auguste","Croxley","acroxleykc@kickstarter.com","$1,718.66","11/30/2023"
734,"Eric","Fowkes","efowkeskd@nhs.uk","$7,400.57",09/05/23
735,"Erda","Wolsey","ewolseyke@youtu.be","$5,558.83","5/27/2023"
736,"Celestina","Abethell","cabethellkf@digg.com","$5,087.33","8/13/2023"
737,"Alexine","Renac","arenackg@t.co","$5,323.52","5/21/2023"
738,"Clarita","Redshaw","credshawkh@irs.gov","$6,905.52","3/23/2023"
739,"Slade","Bonhome","sbonhomeki@soup.io","$2,275.13","7/28/2023"
740,"Cordy","Camber","ccamberkj@vkontakte.ru","$5,588.97","6/30/2023"
741,"Gae","Gamet","ggametkk@nyu.edu","$1,812.18","2/14/2023"
742,"Rollin","Jann","rjannkl@dion.ne.jp","$6,068.50","10/18/2023"
743,"Lou","Coyne","lcoynekm@macromedia.com","$3,140.94",07/03/23
744,"Alvie","Casaroli","acasarolikn@wp.com","$1,528.23",01/02/23
745,"Nigel","Bloodworthe","nbloodwortheko@discovery.com",$124.47,"4/29/2023"
746,"Gelya","Cholerton","gcholertonkp@51.la","$1,236.42",08/03/23
747,"Charmane","Feldstern","cfeldsternkq@icq.com",$980.44,"9/20/2023"
748,"Nerta","Bolwell","nbolwellkr@dmoz.org","$8,362.11","3/22/2023"
749,"Stearn","Mellows","smellowsks@fc2.com","$8,141.39",11/03/23
750,"Orland","Sime","osimekt@umn.edu","$4,564.47","5/22/2023"
751,"Hadleigh","Gieraths","hgierathsku@census.gov","$6,469.02",05/06/23
752,"Verge","Moxham","vmoxhamkv@blog.com","$1,073.06",01/12/23
753,"Bianca","Enion","benionkw@nature.com","$1,222.28","4/23/2023"
754,"Brandea","Swyer-Sexey","bswyersexeykx@drupal.org","$1,095.29","10/31/2023"
755,"Sabrina","Papworth","spapworthky@about.me","$9,194.17",01/09/23
756,"Farica","Hovie","fhoviekz@aboutads.info","$6,295.20","9/16/2023"
757,"Danya","Kilgrew","dkilgrewl0@springer.com","$5,073.41","2/23/2023"
758,"Desiree","Hallard","dhallardl1@qq.com","$7,069.81","4/24/2023"
759,"Gilbert","Pitman","gpitmanl2@fema.gov","$7,439.65","8/25/2023"
760,"Ana","Haffner","ahaffnerl3@prlog.org","$8,980.48","3/24/2023"
761,"Gale","Haddick","ghaddickl4@creativecommons.org",$850.39,"3/15/2023"
762,"Kathye","Cranmer","kcranmerl5@digg.com","$7,302.54",01/08/23
763,"Saunders","Jolliff","sjolliffl6@jalbum.net","$2,330.71","5/16/2023"
764,"Carine","Goodson","cgoodsonl7@unc.edu","$6,348.00",11/08/23
765,"Zahara","Baudino","zbaudinol8@japanpost.jp","$1,325.63",04/03/23
766,"Kassia","Nevin","knevinl9@guardian.co.uk","$1,241.09",04/04/23
767,"Di","Hamby","dhambyla@flickr.com","$6,206.28","10/27/2023"
768,"Pammie","Stockle","pstocklelb@tumblr.com","$6,216.38",11/09/23
769,"Dorris","Pesterfield","dpesterfieldlc@vkontakte.ru","$2,485.94",12/06/23
770,"Taffy","Forsaith","tforsaithld@google.fr","$9,832.12","8/24/2023"
771,"Nanci","Thrussell","nthrussellle@ox.ac.uk","$9,710.35",12/04/23
772,"Lissie","Hook","lhooklf@ocn.ne.jp","$2,163.26",12/02/23
773,"Jemima","Dunbobbin","jdunbobbinlg@usatoday.com","$7,885.02","7/18/2023"
774,"Orren","Stenners","ostennerslh@cdbaby.com","$5,209.88",12/06/23
775,"Gabbie","Mc Coughan","gmccoughanli@macromedia.com","$6,364.35",10/07/23
776,"Clevie","Lynagh","clynaghlj@youtu.be","$4,938.74","2/17/2023"
777,"Happy","Bertome","hbertomelk@t.co","$7,863.41",08/11/23
778,"Melina","Lidgertwood","mlidgertwoodll@boston.com","$1,912.52","6/28/2023"
779,"Melisse","Lintot","mlintotlm@soundcloud.com","$7,708.92","3/24/2023"
780,"Chane","Chetwin","cchetwinln@wiley.com",$443.72,"9/13/2023"
781,"Red","Prin","rprinlo@artisteer.com","$3,816.76","11/21/2023"
782,"Miles","Corkhill","mcorkhilllp@comsenz.com","$5,110.28","8/20/2023"
783,"Davine","Napier","dnapierlq@army.mil","$4,142.90","10/22/2023"
784,"Aleen","Elham","aelhamlr@netvibes.com","$8,659.03","12/14/2022"
785,"Obidiah","Eicke","oeickels@livejournal.com","$7,956.00","2/19/2023"
786,"Yancy","Dignam","ydignamlt@prlog.org","$3,828.19","11/27/2023"
787,"Justinian","Ussher","jussherlu@elpais.com","$6,841.17","6/17/2023"
788,"Nelly","Craggs","ncraggslv@yandex.ru","$6,421.03","3/26/2023"
789,"Nollie","Rodell","nrodelllw@deviantart.com",$862.68,"1/15/2023"
790,"Daffi","Girdler","dgirdlerlx@google.fr","$6,927.78","11/23/2023"
791,"Quintilla","Elvy","qelvyly@flavors.me","$4,411.06",05/01/23
792,"Ivar","Massingberd","imassingberdlz@nps.gov","$5,677.86",02/01/23
793,"Sean","Thys","sthysm0@studiopress.com","$2,545.25",10/11/23
794,"Wally","Crinion","wcrinionm1@live.com","$8,242.92",09/11/23
795,"Siana","Dast","sdastm2@people.com.cn","$7,896.02","2/28/2023"
796,"Kendrick","Martinson","kmartinsonm3@ebay.com","$4,038.40","4/27/2023"
797,"Georas","Obern","gobernm4@nhs.uk","$2,054.98",10/03/23
798,"Rosetta","St Clair","rstclairm5@china.com.cn","$1,219.93","8/28/2023"
799,"Clark","Test","ctestm6@ted.com","$7,879.12","8/22/2023"
800,"Flem","Ameer-Beg","fameerbegm7@indiegogo.com",$202.34,05/07/23
801,"Eudora","Sword","eswordm8@surveymonkey.com",$241.10,"7/25/2023"
802,"Austin","MacCracken","amaccrackenm9@paypal.com","$8,227.81","8/28/2023"
803,"Fayth","Peter","fpeterma@skyrock.com","$8,243.05","6/16/2023"
804,"Petronille","Poncet","pponcetmb@cyberchimps.com","$5,092.17",09/08/23
805,"Patrice","Gilbey","pgilbeymc@storify.com","$2,964.02","4/24/2023"
806,"Rowe","MacCook","rmaccookmd@godaddy.com","$8,561.85","4/23/2023"
807,"Joyann","Steere","jsteereme@sphinn.com","$9,136.43",05/12/23
808,"Hilly","Constanza","hconstanzamf@eepurl.com","$9,167.22",10/06/23
809,"Giulia","Temperton","gtempertonmg@chicagotribune.com","$2,652.65",08/10/23
810,"Renae","Waples","rwaplesmh@gov.uk","$4,880.83","5/13/2023"
811,"Dorry","Craighead","dcraigheadmi@de.vu","$7,662.13","4/23/2023"
812,"Guthrie","Cannings","gcanningsmj@utexas.edu","$2,975.16","9/21/2023"
813,"Templeton","Elston","telstonmk@trellian.com","$5,054.04",08/11/23
814,"Verney","Snape","vsnapeml@photobucket.com","$2,490.01","6/15/2023"
815,"Beau","Penburton","bpenburtonmm@nba.com","$4,730.59","1/31/2023"
816,"Butch","Siemon","bsiemonmn@hc360.com","$8,216.87","12/27/2022"
817,"Piotr","Irdale","pirdalemo@statcounter.com","$5,448.70","7/13/2023"
818,"Jeannette","Rosenshine","jrosenshinemp@last.fm","$9,796.38",03/03/23
819,"Shelli","Balfour","sbalfourmq@jugem.jp",$226.32,01/01/23
820,"Nicky","Sayle","nsaylemr@ucla.edu","$7,931.59",05/06/23
821,"Liana","Bourgour","lbourgourms@xing.com","$6,862.53","2/15/2023"
822,"Rianon","Bunclark","rbunclarkmt@intel.com","$6,754.06","11/13/2023"
823,"Maris","Tussaine","mtussainemu@histats.com","$3,348.96",06/02/23
824,"Doralynn","Jerred","djerredmv@google.fr","$4,234.44","5/15/2023"
825,"Joel","Baker","jbakermw@yellowpages.com","$3,286.59","11/16/2023"
826,"Tybi","Halliday","thallidaymx@census.gov","$6,017.60",08/06/23
827,"Brenn","Biggin","bbigginmy@xrea.com","$7,353.24","9/25/2023"
828,"Stillman","Beller","sbellermz@eepurl.com","$1,925.08","4/20/2023"
829,"Bari","Josefsen","bjosefsenn0@blog.com","$2,722.73",11/08/23
830,"Baudoin","Butts","bbuttsn1@reuters.com","$1,175.80",02/04/23
831,"Mathilde","Widdecombe","mwiddecomben2@networksolutions.com","$5,182.26",04/06/23
832,"Welch","Anfossi","wanfossin3@topsy.com","$9,212.86",08/05/23
833,"Ervin","Yurmanovev","eyurmanovevn4@arizona.edu","$6,195.64",05/04/23
834,"Paolo","Kingsley","pkingsleyn5@gnu.org","$2,163.93","6/23/2023"
835,"Luciana","Laven","llavenn6@4shared.com","$2,035.27","6/26/2023"
836,"Bibbye","Woosnam","bwoosnamn7@dagondesign.com","$6,184.00",05/11/23
837,"Concettina","Capstaff","ccapstaffn8@sitemeter.com","$2,376.21",03/06/23
838,"Lea","Mucklow","lmucklown9@dot.gov","$7,311.89","11/23/2023"
839,"Paige","Greenlies","pgreenliesna@themeforest.net","$9,312.60",03/03/23
840,"Liliane","Flips","lflipsnb@abc.net.au","$6,792.56","1/21/2023"
841,"Freemon","Writtle","fwrittlenc@umich.edu","$5,989.56",12/04/23
842,"Jacky","Grieswood","jgrieswoodnd@answers.com","$1,257.84","2/14/2023"
843,"Raimund","Woolacott","rwoolacottne@fema.gov","$5,949.13","7/20/2023"
844,"Tabitha","Yven","tyvennf@reverbnation.com","$3,038.71","1/28/2023"
845,"Bryn","Blackleech","bblackleechng@dell.com","$2,471.04","2/28/2023"
846,"Rubetta","Berens","rberensnh@livejournal.com","$1,176.28","3/23/2023"
847,"Cally","Punch","cpunchni@howstuffworks.com","$8,431.62","11/23/2023"
848,"Juliann","Dovermann","jdovermannnj@china.com.cn","$5,289.07",03/06/23
849,"Jamima","Rozenbaum","jrozenbaumnk@trellian.com","$2,655.19","5/20/2023"
850,"Baillie","Planque","bplanquenl@google.cn","$3,032.94","7/27/2023"
851,"Ulysses","Waterson","uwatersonnm@macromedia.com","$9,209.56",10/08/23
852,"Melba","Weetch","mweetchnn@yellowpages.com",$586.04,03/07/23
853,"Lindsey","Fitzhenry","lfitzhenryno@shop-pro.jp","$1,400.37","2/25/2023"
854,"Richmound","Cumbridge","rcumbridgenp@intel.com","$1,573.99","11/14/2023"
855,"Elroy","Vennart","evennartnq@nifty.com","$8,132.41",09/06/23
856,"Casie","Peckitt","cpeckittnr@fc2.com","$8,436.90","3/29/2023"
857,"Chantalle","Tax","ctaxns@theglobeandmail.com","$1,369.51",06/06/23
858,"Cyndie","Pound","cpoundnt@sourceforge.net","$4,049.48","11/25/2023"
859,"Baryram","Templar","btemplarnu@mozilla.com","$3,325.29",10/10/23
860,"Karlens","Melton","kmeltonnv@issuu.com","$8,195.29",07/12/23
861,"Tamma","Hickisson","thickissonnw@pinterest.com","$5,291.41",08/04/23
862,"Casie","Marples","cmarplesnx@biblegateway.com","$1,244.99","2/16/2023"
863,"Damien","Loads","dloadsny@reverbnation.com","$1,788.92",02/03/23
864,"Bent","De Souza","bdesouzanz@mediafire.com","$9,006.35","10/31/2023"
865,"Averil","Banbury","abanburyo0@delicious.com","$9,767.53","11/28/2023"
866,"Shaughn","Lowfill","slowfillo1@wordpress.com","$8,499.87",02/04/23
867,"Kirsteni","Nears","knearso2@hostgator.com",$663.74,"8/29/2023"
868,"Ichabod","Gready","igreadyo3@addtoany.com",$404.77,"6/16/2023"
869,"Teodoor","Mintrim","tmintrimo4@pen.io","$8,890.20","10/16/2023"
870,"Ellie","Bolderstone","ebolderstoneo5@live.com","$8,418.26",10/09/23
871,"Currey","Toman","ctomano6@gizmodo.com","$5,662.93","5/31/2023"
872,"Cesare","Goaks","cgoakso7@zdnet.com","$3,395.36",07/06/23
873,"Lisette","Totterdell","ltotterdello8@nasa.gov","$8,449.10",08/04/23
874,"Klarrisa","Hinkley","khinkleyo9@cnet.com","$4,679.26","8/28/2023"
875,"Monti","Tortis","mtortisoa@printfriendly.com","$3,396.78","12/22/2022"
876,"Hollis","Mullineux","hmullineuxob@ibm.com","$9,909.18","9/26/2023"
877,"Euell","Stichall","estichalloc@reference.com","$4,988.69",11/07/23
878,"Colet","Paterson","cpatersonod@redcross.org","$4,204.74",12/11/23
879,"Gloriane","Fentem","gfentemoe@bbb.org","$8,885.11","9/29/2023"
880,"Charity","Kennerley","ckennerleyof@ca.gov",$417.33,02/06/23
881,"Dewitt","Fronzek","dfronzekog@youtu.be","$3,286.49",10/04/23
882,"Luce","Ziemke","lziemkeoh@paginegialle.it","$1,695.05","6/20/2023"
883,"Ailina","MacArthur","amacarthuroi@weebly.com","$3,571.92","9/13/2023"
884,"Dietrich","Danneil","ddanneiloj@independent.co.uk","$4,425.38","1/25/2023"
885,"Jasper","Milmoe","jmilmoeok@princeton.edu","$3,251.13",10/04/23
886,"Norman","Ethridge","nethridgeol@reuters.com",$957.18,"3/25/2023"
887,"Dick","Selbie","dselbieom@samsung.com","$4,285.85",11/01/23
888,"Holli","Crews","hcrewson@nba.com","$2,902.21",10/11/23
889,"Kerrie","Deeman","kdeemanoo@engadget.com","$3,778.56","2/23/2023"
890,"Gretna","Bartoszek","gbartoszekop@dell.com","$7,954.80",07/11/23
891,"Astra","Devon","adevonoq@mlb.com","$5,702.44","11/30/2023"
892,"Ardyce","Dunstall","adunstallor@nydailynews.com","$1,318.91","5/14/2023"
893,"Korrie","Goldhawk","kgoldhawkos@livejournal.com",$315.22,02/10/23
894,"Amble","Mixer","amixerot@skype.com","$6,228.47","1/26/2023"
895,"Rocky","Breakspear","rbreakspearou@comcast.net",$303.10,"1/20/2023"
896,"Susann","Scorton","sscortonov@bandcamp.com","$7,068.69","2/26/2023"
897,"Chelsey","Gartsyde","cgartsydeow@amazon.co.uk","$8,543.88",03/09/23
898,"Guillema","Bossingham","gbossinghamox@usa.gov","$7,936.22","1/21/2023"
899,"Tamas","Broggetti","tbroggettioy@networkadvertising.org","$8,552.64","5/14/2023"
900,"Omar","Hateley","ohateleyoz@nydailynews.com","$8,803.33",06/07/23
901,"Felita","Pallasch","fpallaschp0@cnet.com","$4,309.04",09/02/23
902,"Fransisco","Weale","fwealep1@washington.edu","$4,049.89","4/23/2023"
903,"Kimberley","Cluett","kcluettp2@booking.com","$1,589.73","12/13/2022"
904,"Andrea","Walkley","awalkleyp3@prlog.org","$9,442.68",09/01/23
905,"Quill","Alexis","qalexisp4@bigcartel.com","$5,656.62","6/17/2023"
906,"Jacintha","Jenny","jjennyp5@aol.com","$1,508.62","1/22/2023"
907,"Pegeen","Perllman","pperllmanp6@t.co","$2,531.20","5/30/2023"
908,"Briant","Cud","bcudp7@geocities.jp","$1,551.89",12/04/23
909,"Jade","Polly","jpollyp8@merriam-webster.com","$9,849.79","11/23/2023"
910,"Malina","Hartill","mhartillp9@senate.gov","$4,462.42","3/16/2023"
911,"Dane","Scoggins","dscogginspa@feedburner.com","$9,355.09","6/23/2023"
912,"Trula","Bilbrook","tbilbrookpb@businessweek.com","$7,383.55",10/02/23
913,"Judi","Imesson","jimessonpc@scribd.com","$9,568.30","8/15/2023"
914,"Margot","Helwig","mhelwigpd@t-online.de","$8,636.88",02/03/23
915,"Shantee","Lockey","slockeype@apache.org","$7,150.95",01/06/23
916,"Geneva","Caird","gcairdpf@blogger.com","$7,202.41",11/07/23
917,"Adan","Vallis","avallispg@google.com.hk","$3,897.60","1/29/2023"
918,"Lissy","Malec","lmalecph@nhs.uk","$2,189.08",09/05/23
919,"Barbaraanne","Dimond","bdimondpi@umn.edu","$5,177.14","1/27/2023"
920,"Andrew","O'Lennachain","aolennachainpj@discuz.net","$9,926.41",02/06/23
921,"Emeline","Carmody","ecarmodypk@house.gov","$2,937.38","5/20/2023"
922,"Randolph","Bucklan","rbucklanpl@rambler.ru","$3,918.09",11/04/23
923,"Corrine","Twede","ctwedepm@disqus.com",$25.58,"8/29/2023"
924,"Drusie","Clemot","dclemotpn@state.tx.us","$5,357.18","7/17/2023"
925,"Jonas","Leigh","jleighpo@blogger.com","$3,518.08","11/16/2023"
926,"Jobey","Opy","jopypp@hexun.com","$8,698.18","7/27/2023"
927,"Zollie","Blackborough","zblackboroughpq@etsy.com","$5,283.91",11/11/23
928,"Flory","Hallowes","fhallowespr@cmu.edu","$8,902.38",10/04/23
929,"Arabel","Crock","acrockps@cnet.com","$6,948.83","8/17/2023"
930,"Niccolo","Tunstall","ntunstallpt@adobe.com","$2,909.40","8/20/2023"
931,"Mariska","Woolliams","mwoolliamspu@i2i.jp","$1,997.03",10/12/23
932,"Naoma","Honniebal","nhonniebalpv@yelp.com","$1,834.27","7/21/2023"
933,"Pooh","Bayless","pbaylesspw@intel.com","$1,565.27","8/18/2023"
934,"Hagan","Winthrop","hwinthroppx@yahoo.co.jp","$3,111.48",11/05/23
935,"Angil","Schafer","aschaferpy@bloglines.com","$9,038.82",06/03/23
936,"Costanza","Chatwood","cchatwoodpz@ow.ly","$2,092.22","3/20/2023"
937,"Hieronymus","Vannozzii","hvannozziiq0@wiley.com","$6,141.83","10/17/2023"
938,"Cassey","Arguile","carguileq1@weebly.com","$5,011.41",10/12/23
939,"Dorothy","Jarritt","djarrittq2@amazon.co.uk","$5,953.05","4/13/2023"
940,"Welsh","Osbaldeston","wosbaldestonq3@amazon.de","$8,336.74","1/13/2023"
941,"Gertie","Patis","gpatisq4@cdbaby.com","$8,049.36",10/07/23
942,"Ker","Dawidowicz","kdawidowiczq5@etsy.com",$250.79,"8/30/2023"
943,"Micki","Baldetti","mbaldettiq6@yellowbook.com","$1,916.06","8/27/2023"
944,"Delila","Roscamp","droscampq7@tmall.com","$7,563.93",02/01/23
945,"Jemmie","Deverick","jdeverickq8@opera.com","$7,895.78","11/15/2023"
946,"Andi","Kirkbright","akirkbrightq9@forbes.com","$3,517.36","1/14/2023"
947,"Brenn","Pearse","bpearseqa@ft.com",$716.65,"10/28/2023"
948,"Boonie","Tiron","btironqb@about.me","$1,630.52","1/14/2023"
949,"Carmina","Dobrowolski","cdobrowolskiqc@usda.gov","$4,851.55",07/12/23
950,"Jefferey","Boullin","jboullinqd@webeden.co.uk","$3,252.27","3/14/2023"
951,"Miles","McKeran","mmckeranqe@howstuffworks.com","$1,765.46",06/11/23
952,"Bartholomew","Lucian","blucianqf@newyorker.com","$3,805.44","9/15/2023"
953,"Ban","Golda","bgoldaqg@issuu.com","$4,164.50","3/31/2023"
954,"Berkie","Condliffe","bcondliffeqh@ovh.net","$7,564.42","7/16/2023"
955,"Janeta","Cromwell","jcromwellqi@icq.com","$8,229.05","5/23/2023"
956,"Eward","Rothera","erotheraqj@alexa.com","$8,360.63","3/29/2023"
957,"Romeo","Piddlehinton","rpiddlehintonqk@blogs.com","$3,557.04","4/29/2023"
958,"Kania","Pere","kpereql@tiny.cc",$85.47,"12/28/2022"
959,"Ave","Loche","alocheqm@weather.com","$3,188.97","6/24/2023"
960,"Daven","FitzAlan","dfitzalanqn@youtube.com","$9,657.57","11/30/2023"
961,"Aimil","Gagin","agaginqo@ezinearticles.com","$3,096.95","3/21/2023"
962,"Tannie","Racher","tracherqp@ebay.co.uk","$4,846.55",03/10/23
963,"Gwen","Millgate","gmillgateqq@godaddy.com","$6,474.44","3/24/2023"
964,"Norrie","Canning","ncanningqr@amazon.co.jp","$9,250.94","6/21/2023"
965,"Gibb","Keepence","gkeepenceqs@who.int","$8,147.63",06/12/23
966,"August","Gudge","agudgeqt@yahoo.com","$4,980.99",09/01/23
967,"Ernestus","Dacca","edaccaqu@163.com",$333.90,02/11/23
968,"Cleon","Verney","cverneyqv@ow.ly","$9,186.03",07/06/23
969,"Rolfe","Josephi","rjosephiqw@msu.edu","$8,312.86","10/27/2023"
970,"Jacquetta","Denver","jdenverqx@com.com",$538.30,"6/15/2023"
971,"Claudetta","Vanyushkin","cvanyushkinqy@over-blog.com","$1,713.39","12/23/2022"
972,"Lilly","Matijevic","lmatijevicqz@geocities.jp","$6,341.71","4/24/2023"
973,"Jason","McPheat","jmcpheatr0@chicagotribune.com","$6,671.42",08/04/23
974,"Lynnet","Rizzetti","lrizzettir1@nymag.com","$7,097.08","8/25/2023"
975,"Roarke","Sibbering","rsibberingr2@facebook.com","$3,436.10","3/14/2023"
976,"Orland","Nanuccioi","onanuccioir3@bloomberg.com","$4,502.69",01/08/23
977,"Sandi","Philippart","sphilippartr4@google.com","$2,798.85","3/26/2023"
978,"Arny","Viger","avigerr5@amazon.de","$4,484.76","7/14/2023"
979,"Gunter","Rhoades","grhoadesr6@myspace.com","$8,587.08","3/24/2023"
980,"Cal","Corneljes","ccorneljesr7@illinois.edu",$469.67,"11/21/2023"
981,"Fiona","Walkey","fwalkeyr8@xinhuanet.com","$6,163.51","10/17/2023"
982,"Ariadne","Woolrich","awoolrichr9@apache.org",$424.82,"12/30/2022"
983,"Glennis","Lodewick","glodewickra@whitehouse.gov","$9,890.62",11/05/23
984,"Carlye","Czadla","cczadlarb@harvard.edu","$2,469.78",01/09/23
985,"Creigh","Butten","cbuttenrc@buzzfeed.com","$5,623.10",06/07/23
986,"Janel","Sidwell","jsidwellrd@drupal.org","$7,289.90","5/13/2023"
987,"Joletta","Rief","jriefre@tuttocitta.it","$8,560.81",07/01/23
988,"Esteban","Sleeman","esleemanrf@scientificamerican.com","$7,691.24",04/06/23
989,"Dode","Burnsides","dburnsidesrg@irs.gov","$6,336.67","1/29/2023"
990,"Jameson","Sedgeworth","jsedgeworthrh@vistaprint.com",$691.78,"5/20/2023"
991,"Heidi","Jantzen","hjantzenri@photobucket.com","$5,684.92","8/23/2023"
992,"Kalil","McArdell","kmcardellrj@army.mil","$8,376.00","9/15/2023"
993,"Sella","Moxon","smoxonrk@privacy.gov.au","$2,932.76","3/28/2023"
994,"Terrijo","Goudie","tgoudierl@list-manage.com","$6,717.30",09/11/23
995,"Gil","Reason","greasonrm@typepad.com","$8,765.41","9/13/2023"
996,"Vin","Telezhkin","vtelezhkinrn@uol.com.br","$9,843.39",02/02/23
997,"Manolo","Realff","mrealffro@hibu.com","$8,824.00","6/22/2023"
998,"Erma","Dowderswell","edowderswellrp@wikia.com","$3,036.12","1/22/2023"
999,"Rasla","Sellar","rsellarrq@census.gov","$4,993.01","7/17/2023"
1000,"Ferdinanda","Winslet","fwinsletrr@opera.com","$6,295.00","9/16/2023"
